Hotel Name,Hotel Area,LINK
Taj Falaknuma Palace,Falaknuma,https://www.google.com/maps/place/Taj+Falaknuma+Palace/@17.3314792,78.4648898,17z/data=!4m9!3m8!1s0x3bcbbd5654172a41:0xd3dbb0c22420002e!5m2!4m1!1i2!8m2!3d17.3314792!4d78.4674647!16s%2Fm%2F0277x86?entry=ttu&g_ep=EgoyMDI0MDgyNi4wIKXMDSoASAFQAw%3D%3D
ITC Kohenur,Madhapur,https://www.google.com/maps/place/ITC+Kohenur,+a+Luxury+Collection+Hotel,+Hyderabad/@17.4322885,78.3825204,17z/data=!3m1!4b1!4m9!3m8!1s0x3bcb9388a09a79f5:0x9ff99841b5ec9e9c!5m2!4m1!1i2!8m2!3d17.4322885!4d78.3850953!16s%2Fg%2F11gfjs8sbn?entry=ttu&g_ep=EgoyMDI0MDgyNi4wIKXMDSoASAFQAw%3D%3D
Trident Hyderabad,Madhapur,https://www.google.com/maps/place/Trident+Hotel+Hyderabad/@17.4491171,78.3760983,17z/data=!3m1!4b1!4m9!3m8!1s0x3bcb93dea35ca91d:0x6c8b3230bf6c5252!5m2!4m1!1i2!8m2!3d17.4491171!4d78.3786732!16s%2Fg%2F1ts_5173?entry=ttu&g_ep=EgoyMDI0MDgyNi4wIKXMDSoASAFQAw%3D%3D
The Westin Hyderabad Mindspace,HITEC City,https://www.google.com/maps/place/The+Westin+Hyderabad+Mindspace/@17.4425419,78.3816452,17z/data=!4m10!3m9!1s0x3bcb93e1ac389ce3:0x7acc5d097f6e2e6!5m3!1s2024-11-18!4m1!1i2!8m2!3d17.4425419!4d78.3816452!16s%2Fg%2F1jkxj_frc?entry=ttu&g_ep=EgoyMDI0MDgyNi4wIKXMDSoASAFQAw%3D%3D
Hyatt Hyderabad Gachibowli,Gachibowli,https://www.google.com/maps/place/Hyatt+Hyderabad+Gachibowli/@17.4180912,78.3424841,17z/data=!4m10!3m9!1s0x3bcb947f715997dd:0x75e3b2111dc0f66!5m3!1s2024-11-18!4m1!1i2!8m2!3d17.4180912!4d78.3424841!16s%2Fg%2F12cpczw_z?entry=ttu&g_ep=EgoyMDI0MDgyNi4wIKXMDSoASAFQAw%3D%3D
Novotel Hyderabad Convention Centre,HITEC City,https://www.google.com/maps/place/Novotel+Hyderabad+Convention+Centre/@17.4728501,78.3728443,17z/data=!4m10!3m9!1s0x3bcb92320a27f5a9:0xf7ffe9c0885c159b!5m3!1s2024-11-18!4m1!1i2!8m2!3d17.4728501!4d78.3728443!16s%2Fg%2F1ptx3wcz2?entry=ttu&g_ep=EgoyMDI0MDgyNi4wIKXMDSoASAFQAw%3D%3D
Vivanta Hyderabad Begumpet,Begumpet,https://www.google.com/maps/place/Vivanta+Hyderabad,+Begumpet/@17.443389,78.4607812,17z/data=!4m10!3m9!1s0x3bcb90bb9b3efd6b:0x7f21cd71089798ef!5m3!1s2024-11-18!4m1!1i2!8m2!3d17.443389!4d78.4607812!16s%2Fg%2F1ptyt6vhv?entry=ttu&g_ep=EgoyMDI0MDgyNi4wIKXMDSoASAFQAw%3D%3D
Radisson Blu Plaza Hotel,Banjara Hills,https://www.google.com/maps/place/Radisson+Blu+Plaza+Hotel+Hyderabad+Banjara+Hills/@17.4223517,78.4414201,17z/data=!4m10!3m9!1s0x3bcb97325fdaac3d:0x52efca3dd8aa2a78!5m3!1s2024-11-18!4m1!1i2!8m2!3d17.4223517!4d78.4414201!16s%2Fg%2F119wl9wkh?entry=ttu&g_ep=EgoyMDI0MDgyNi4wIKXMDSoASAFQAw%3D%3D
Park Hyatt Hyderabad,Banjara Hills,https://www.google.com/maps/place/Park+Hyatt+Hyderabad/@17.4247173,78.4295972,17z/data=!4m10!3m9!1s0x3bcb96c8b88d1c6d:0xc1fe47535add38d3!5m3!1s2024-11-18!4m1!1i2!8m2!3d17.4247173!4d78.4295972!16s%2Fm%2F0ztkg1k?entry=ttu&g_ep=EgoyMDI0MDgyNi4wIKXMDSoASAFQAw%3D%3D
